,32,245,60,28,9,79,104,120,427,59,30,141,121,203,64,876,11,76,56,20,2,33,421,113,35,102,163,48,77,254,19,5,154
1,0.5,0.5,0.5,0.5,0.5,0.5,0.5,0.5,0.5,0.5,0.5,0.5,0.5,0.5,0.5,0.5,0.5,0.5,0.5,0.5,0.5,0.5,0.5,0.5,0.5,0.5,0.5,0.5,0.5,0.5,0.5,0.5,0.5
2,0.5,0.6381,0.473,0.5,0.4,0.3913,0.4898,0.5,0.5,0.6389,0.4821,0.5,0.5,0.5435,0.475,0.5,0.5,0.4576,0.4359,0.5,0.5,0.5,0.54,0.5,0.5,0.5,0.549,0.5,0.5,0.5,0.5,0.5,0.6176
3,0.5,0.4571,0.4177,0.5,0.5,0.375,0.4886,0.3111,0.5,0.5,0.48,0.5,0.5,0.4694,0.3807,0.5378,0.5,0.4468,0.5,0.5,0.5102,0.5,0.4194,0.5,0.5,0.5,0.4634,0.5,0.5,0.5,0.5,0.4615,0.5
4,0.5,0.5769,0.5,0.5,0.5,0.52,0.5333,0.5556,0.5,0.5,0.4853,0.5,0.5,0.5714,0.4926,0.5636,0.5,0.4796,0.5,0.5,0.68,0.5,0.4937,0.5,0.5,0.5,0.4643,0.5,0.5,0.5,0.5,0.5,0.5
5,0.5,0.4,0.5625,0.5,0.5,0.5,0.4286,0.5,0.5,0.5,0.7576,0.5,0.5,0.4643,0.569,0.5909,0.5,0.4925,0.5,0.5,0.5,0.5,0.5,0.5,0.5,0.5,0.5,0.5,0.5,0.5,0.5,0.5,0.5
6,0.5,0.5,0.5,0.5,0.5,0.5,0.6,0.5,0.5,0.5,0.5,0.5,0.5,0.5,0.4286,0.5,0.5,0.5,0.5,0.5,0.5,0.5,0.5,0.5,0.5,0.5,0.5,0.5,0.5,0.5,0.5,0.5,0.5
7,0.5,0.408,0.5231,0.5,0.5,0.4789,0.5278,0.5,0.5,0.4872,0.5694,0.5,0.5,0.6458,0.4747,0.3704,0.5,0.5,0.5,0.5,0.4464,0.5,0.581,0.5,0.5,0.5,0.5789,0.5,0.5,0.5,0.5,0.5,0.6286
8,0.5,0.4884,0.5893,0.5,0.5,0.4889,0.5658,0.5,0.5,0.5,0.52,0.5,0.5,0.5,0.4834,0.36,0.5,0.5493,0.5,0.5,0.4138,0.5,0.557,0.5,0.5,0.5,0.6047,0.5,0.5,0.5,0.5,0.5,0.5
9,0.5,0.4324,0.4333,0.5,0.5,0.5,0.4138,0.5,0.5,0.5,0.5,0.5,0.5,0.5,0.4545,0.5,0.5,0.5312,0.5,0.5,0.6,0.5,0.6562,0.5,0.5,0.5,0.5,0.5,0.5,0.5,0.5,0.5,0.5
10,0.5,0.4667,0.5,0.5,0.5,0.5,0.5,0.5,0.5,0.5,0.5,0.5,0.5,0.5,0.6207,0.5,0.5,0.5,0.5,0.5,0.5,0.5,0.5,0.5,0.5,0.5,0.5,0.5,0.5,0.5,0.5,0.5,0.5
11,0.5,0.5,0.5,0.5,0.5,0.5,0.5,0.5,0.5,0.5,0.5,0.5,0.5,0.5,0.5,0.5,0.5,0.5,0.5,0.5,0.5,0.5,0.5,0.5,0.5,0.5,0.5,0.5,0.5,0.5,0.5,0.5,0.5
12,0.5,0.4479,0.6056,0.5,0.5,0.4884,0.4845,0.4255,0.5,0.5,0.3529,0.4483,0.5,0.4737,0.3974,0.5529,0.5,0.5785,0.5,0.2667,0.5556,0.5,0.4658,0.5,0.5,0.5,0.425,0.5,0.5,0.5,0.5,0.5,0.5
13,0.5,0.4444,0.5,0.5,0.5,0.5,0.6538,0.5,0.5,0.5,0.5,0.5,0.5,0.5,0.4898,0.5,0.5,0.5,0.5,0.5,0.5,0.5,0.5769,0.5,0.5,0.5,0.5,0.5,0.5,0.5,0.5,0.5,0.5
14,0.5,0.5,0.5,0.5,0.5,0.5,0.5,0.5,0.5,0.5,0.5,0.5,0.5,0.5,0.5,0.5,0.5,0.5,0.5,0.5,0.5,0.5,0.5,0.5,0.5,0.5,0.5,0.5,0.5,0.5,0.5,0.5,0.5
15,0.5,0.6,0.5,0.5,0.5,0.5,0.5,0.5,0.5,0.5,0.5,0.5,0.5,0.5,0.4375,0.5,0.5,0.5,0.5,0.5,0.5,0.5,0.5,0.5,0.5,0.5,0.5,0.5,0.5,0.5,0.5,0.5,0.5
16,0.5,0.4884,0.4815,0.5,0.5,0.5,0.5,0.5,0.5,0.5,0.5172,0.5,0.5,0.5,0.5079,0.5,0.5,0.4722,0.5,0.5,0.5,0.5,0.3448,0.5,0.5,0.5,0.5,0.5,0.5,0.5,0.5,0.5,0.5
17,0.5,0.5,0.5,0.5,0.5,0.5,0.5,0.5,0.5,0.5,0.5,0.5,0.5,0.5,0.5,0.5,0.5,0.5,0.5,0.5,0.5,0.5,0.5,0.5,0.5,0.5,0.5,0.5,0.5,0.5,0.5,0.5,0.5
18,0.5,0.5,0.5,0.5,0.5,0.5,0.5,0.5,0.5,0.5,0.5,0.5,0.5,0.5,0.3684,0.5,0.5,0.5,0.5,0.5,0.5,0.5,0.5,0.5,0.5,0.5,0.5,0.5,0.5,0.5,0.5,0.5,0.5
19,0.5,0.5,0.5,0.5,0.5,0.5,0.5,0.5,0.5,0.5,0.5,0.5,0.5,0.5,0.5,0.5,0.5,0.5,0.5,0.5,0.5,0.5,0.5,0.5,0.5,0.5,0.5,0.5,0.5,0.5,0.5,0.5,0.5
20,0.5,0.5333,0.4516,0.5,0.5,0.5,0.569,0.5,0.5,0.5,0.5484,0.5,0.5,0.5,0.5246,0.3077,0.5,0.4737,0.5,0.5,0.5,0.5,0.5,0.5,0.5,0.5,0.5,0.5,0.5,0.5,0.5,0.5,0.5
21,0.5,0.4481,0.5377,0.5,0.4667,0.4737,0.4866,0.48,0.3571,0.4286,0.4545,0.4194,0.5,0.4724,0.4838,0.3273,0.5,0.5035,0.5075,0.6,0.4931,0.5,0.5055,0.4872,0.4167,0.5758,0.5217,0.5,0.5,0.5,0.5,0.5152,0.5263
22,0.5,0.4485,0.3814,0.5,0.5,0.4324,0.5019,0.4634,0.5,0.5,0.5474,0.5556,0.5,0.4646,0.4387,0.4932,0.5,0.493,0.5,0.375,0.4906,0.5,0.5902,0.5,0.5,0.5,0.561,0.5,0.5,0.5,0.5,0.5682,0.5
23,0.5,0.575,0.4074,0.5,0.5,0.5,0.5,0.5,0.5,0.5,0.5,0.5,0.5,0.5,0.5,0.5,0.5,0.5,0.5,0.5,0.5,0.5,0.5,0.5,0.5,0.5,0.5,0.5,0.5,0.5,0.5,0.5,0.5
24,0.5,0.5086,0.56,0.5,0.5,0.4384,0.534,0.4909,0.5,0.4634,0.6286,0.5,0.5,0.4757,0.4797,0.551,0.5,0.4511,0.5319,0.5122,0.4754,0.5,0.5526,0.5,0.5,0.5,0.5156,0.5,0.5,0.5,0.5,0.64,0.439
25,0.5,0.55,0.5893,0.5,0.5,0.5,0.6351,0.5,0.5,0.5,0.4872,0.5,0.5,0.5,0.5431,0.5581,0.5,0.5926,0.5,0.5,0.4483,0.5,0.6078,0.5,0.5,0.5,0.4375,0.5,0.5,0.5,0.5,0.5,0.5517
26,0.5,0.5116,0.6279,0.5,0.5,0.5,0.6757,0.5,0.5,0.5,0.3448,0.5,0.5,0.5,0.4257,0.5,0.5,0.6857,0.5,0.5,0.3846,0.5,0.5385,0.5,0.5,0.5,0.5714,0.5,0.5,0.5,0.5,0.5,0.5
27,0.5,0.5,0.5,0.5,0.5,0.5,0.5,0.5,0.5,0.5,0.5,0.5,0.5,0.5,0.5,0.5,0.5,0.5,0.5,0.5,0.5,0.5,0.44,0.5,0.5,0.5,0.5,0.5,0.5,0.5,0.5,0.5,0.5
28,0.5,0.3,0.5,0.5,0.5,0.5,0.5517,0.5,0.5,0.5,0.4194,0.5,0.5,0.5,0.5714,0.5,0.5,0.5,0.5,0.5,0.5,0.5,0.5,0.5,0.5,0.5,0.5,0.5,0.5,0.5,0.5,0.5,0.5
29,0.5,0.425,0.5172,0.5,0.5,0.5,0.4478,0.5,0.5,0.5,0.5385,0.5,0.5,0.5,0.4127,0.45,0.5,0.4792,0.5,0.5,0.5,0.5,0.5,0.5,0.5,0.5,0.5,0.5,0.5,0.5,0.5,0.5,0.5
30,0.5,0.4424,0.5,0.5806,0.5,0.4222,0.5674,0.4783,0.5,0.4762,0.5,0.5319,0.5,0.4675,0.4918,0.5054,0.5,0.5291,0.5,0.4516,0.5179,0.5,0.47,0.5,0.5,0.5862,0.5135,0.5,0.5,0.5,0.5,0.2424,0.3158
31,0.5,0.5,0.5,0.5,0.5,0.5,0.5,0.5,0.5,0.5,0.5,0.5,0.5,0.5,0.5,0.5,0.5,0.5,0.5,0.5,0.5,0.5,0.5,0.5,0.5,0.5,0.5,0.5,0.5,0.5,0.5,0.5,0.5
32,0.5,0.5,0.5,0.5,0.5,0.5,0.5,0.5,0.5,0.5,0.5,0.5,0.5,0.5,0.5,0.5,0.5,0.5,0.5,0.5,0.5,0.5,0.5,0.5,0.5,0.5,0.5,0.5,0.5,0.5,0.5,0.5,0.5
33,0.5,0.5,0.5,0.5,0.5,0.5,0.5,0.5,0.5,0.5,0.5,0.5,0.5,0.5,0.5,0.5,0.5,0.5,0.5,0.5,0.5,0.5,0.5,0.5,0.5,0.5,0.5,0.5,0.5,0.5,0.5,0.5,0.5
34,0.5,0.5,0.5,0.5,0.5,0.5,0.5,0.5,0.5,0.5,0.5,0.5,0.5,0.5,0.5,0.5,0.5,0.5,0.5,0.5,0.5,0.5,0.5,0.5,0.5,0.5,0.5,0.5,0.5,0.5,0.5,0.5,0.5
35,0.5,0.6,0.4783,0.5,0.5,0.5,0.6061,0.5,0.5,0.5,0.5,0.5,0.5,0.5,0.5714,0.5,0.5,0.5625,0.5,0.5,0.5,0.5,0.5,0.5,0.5,0.5,0.5,0.5,0.5,0.5,0.5,0.5,0.5
36,0.5,0.5,0.5,0.5,0.5,0.5,0.5,0.5,0.5,0.5,0.5,0.5,0.5,0.5,0.5,0.5,0.5,0.5,0.5,0.5,0.5,0.5,0.5,0.5,0.5,0.5,0.5,0.5,0.5,0.5,0.5,0.5,0.5
37,0.5,0.5,0.5,0.5,0.5,0.5,0.5,0.5,0.5,0.5,0.5,0.5,0.5,0.5,0.5,0.5,0.5,0.5,0.5,0.5,0.5,0.5,0.5,0.5,0.5,0.5,0.5,0.5,0.5,0.5,0.5,0.5,0.5
38,0.5,0.4915,0.5217,0.5,0.5,0.5,0.5385,0.5,0.5,0.3704,0.3929,0.5,0.5,0.4571,0.5,0.3929,0.5,0.6596,0.5,0.5,0.48,0.5,0.6604,0.5,0.5,0.5,0.5,0.5,0.5,0.5,0.5,0.5,0.5
39,0.5,0.5091,0.6169,0.5,0.4516,0.5753,0.6011,0.541,0.5,0.4179,0.5614,0.5,0.5,0.5465,0.4942,0.5143,0.5,0.5337,0.6591,0.4688,0.5889,0.5,0.5379,0.5,0.5,0.5,0.5778,0.5,0.5,0.5,0.5,0.5556,0.5577
40,0.5,0.4691,0.5556,0.5,0.5,0.5,0.4,0.5,0.5,0.5,0.4717,0.5,0.5,0.5238,0.4496,0.4118,0.5,0.4938,0.5,0.5,0.4,0.5,0.4,0.5,0.5,0.5,0.4333,0.5,0.5,0.5,0.5,0.5,0.5
41,0.5,0.4912,0.6383,0.5,0.5,0.5,0.3559,0.5,0.5,0.5,0.6562,0.5,0.5,0.5625,0.6337,0.3529,0.5,0.5217,0.5,0.5,0.5,0.5,0.4762,0.5,0.5,0.5,0.5,0.5,0.5,0.5,0.5,0.5,0.5
42,0.5,0.5,0.5,0.5,0.5,0.5,0.5,0.5,0.5,0.5,0.5,0.5,0.5,0.5,0.5,0.5,0.5,0.5,0.5,0.5,0.5,0.5,0.5,0.5,0.5,0.5,0.5,0.5,0.5,0.5,0.5,0.5,0.5
43,0.5,0.5259,0.4505,0.5,0.5,0.5,0.6,0.5357,0.5,0.5161,0.5429,0.44,0.5,0.5167,0.5327,0.4355,0.5,0.6023,0.3929,0.5,0.4717,0.5,0.4556,0.5,0.5,0.5,0.4894,0.5,0.5,0.5,0.5,0.5,0.5
44,0.5,0.3838,0.5402,0.5,0.5,0.5,0.5056,0.5,0.5,0.3438,0.5846,0.5,0.5,0.5846,0.469,0.5135,0.5,0.5604,0.5357,0.5,0.5,0.5,0.4872,0.5,0.5,0.5,0.4255,0.5,0.5,0.5,0.5,0.5,0.5
45,0.5,0.5,0.5,0.5,0.5,0.5,0.5,0.5,0.5,0.5,0.5,0.5,0.5,0.5,0.5,0.5,0.5,0.5,0.5,0.5,0.5,0.5,0.5,0.5,0.5,0.5,0.5,0.5,0.5,0.5,0.5,0.5,0.5
48,0.5,0.5,0.5,0.5,0.5,0.5,0.5,0.5,0.5,0.5,0.5,0.5,0.5,0.5,0.6923,0.5,0.5,0.5,0.5,0.5,0.5,0.5,0.5,0.5,0.5,0.5,0.5,0.5,0.5,0.5,0.5,0.5,0.5
50,0.5,0.3448,0.5,0.5,0.5,0.5,0.5938,0.5,0.5,0.5,0.5,0.5,0.5,0.5,0.4688,0.5,0.5,0.5862,0.5,0.5,0.5,0.5,0.5,0.5,0.5,0.5,0.5,0.5,0.5,0.5,0.5,0.5,0.5
51,0.5,0.42,0.5844,0.5,0.5,0.4643,0.4805,0.5,0.5,0.5357,0.4815,0.5,0.5,0.5,0.5393,0.4177,0.5,0.5045,0.5,0.4444,0.5806,0.5,0.5692,0.5,0.5,0.5,0.2973,0.5,0.5,0.5,0.5,0.5,0.5
53,0.5,0.4887,0.5913,0.5,0.5,0.3958,0.4433,0.5,0.5,0.3214,0.6066,0.5,0.5,0.4773,0.4822,0.5,0.5,0.4078,0.6,0.5,0.5758,0.5,0.534,0.5,0.5,0.5,0.5172,0.5,0.5,0.5,0.5,0.5,0.6176
54,0.5,0.5938,0.5,0.5,0.5,0.5,0.5278,0.5,0.5,0.5,0.5714,0.5,0.5,0.5,0.3774,0.5,0.5,0.5143,0.5,0.5,0.5,0.5,0.5,0.5,0.5,0.5,0.5,0.5,0.5,0.5,0.5,0.5,0.5
55,0.5,0.4557,0.5,0.5,0.5,0.5,0.5932,0.5,0.5,0.5,0.5152,0.5,0.5,0.6207,0.4252,0.5,0.5,0.5312,0.5,0.5,0.5,0.5,0.3793,0.5,0.5,0.5,0.5556,0.5,0.5,0.5,0.5,0.5,0.5
56,0.5,0.5441,0.4231,0.5,0.5,0.5,0.5,0.5,0.5,0.5,0.5,0.5,0.5,0.5,0.4316,0.5,0.5,0.4839,0.5,0.5,0.5641,0.5,0.52,0.5,0.5,0.5,0.5161,0.5,0.5,0.5,0.5,0.5,0.5
57,0.5,0.4583,0.4835,0.5,0.5,0.5263,0.4831,0.5625,0.5,0.6,0.5172,0.5,0.5,0.4677,0.521,0.3077,0.5,0.4924,0.7059,0.5,0.5962,0.5,0.4937,0.5,0.5,0.5,0.425,0.5,0.5,0.5,0.5,0.5,0.4286
58,0.5,0.5154,0.5801,0.56,0.5143,0.4556,0.4775,0.5732,0.5,0.4098,0.5692,0.5,0.5,0.56,0.5011,0.494,0.5,0.4795,0.6102,0.56,0.5192,0.5,0.5394,0.5,0.4062,0.5,0.5229,0.5,0.5,0.5,0.5,0.5714,0.5556
59,0.5,0.5,0.6024,0.5,0.5,0.6154,0.3889,0.5,0.5,0.5,0.5238,0.5,0.5,0.5,0.5189,0.5,0.5,0.6316,0.5,0.5,0.3611,0.5,0.4085,0.5,0.5,0.5,0.7297,0.5,0.5,0.5,0.5,0.5,0.5
60,0.5,0.4345,0.5,0.5,0.5667,0.5243,0.5298,0.5366,0.5,0.3976,0.5,0.5,0.5,0.5195,0.4582,0.5965,0.5,0.4774,0.5769,0.5484,0.527,0.5,0.4872,0.4468,0.5217,0.5,0.4667,0.5,0.5,0.5,0.5,0.4375,0.4364
61,0.5,0.5889,0.5373,0.5,0.5,0.5,0.5385,0.5833,0.5,0.5,0.5205,0.5,0.5,0.5541,0.464,0.4839,0.5,0.5082,0.5,0.5,0.5,0.5,0.359,0.5,0.5,0.5,0.5333,0.5,0.5,0.5,0.5,0.5,0.5
62,0.5,0.4659,0.5,0.5,0.5,0.3704,0.5056,0.4412,0.5,0.36,0.5556,0.5,0.5,0.45,0.5135,0.5577,0.5,0.4691,0.5,0.5,0.5,0.5,0.5211,0.5,0.5,0.5,0.4839,0.5,0.5,0.5,0.5,0.5,0.5
63,0.5,0.5,0.5,0.5,0.5,0.5,0.5,0.5,0.5,0.5,0.5,0.5,0.5,0.5,0.5,0.5,0.5,0.5,0.5,0.5,0.5,0.5,0.5,0.5,0.5,0.5,0.5,0.5,0.5,0.5,0.5,0.5,0.5
64,0.5,0.5246,0.5418,0.4286,0.5455,0.5096,0.5291,0.5,0.3824,0.4811,0.5082,0.5,0.56,0.4855,0.5,0.5619,0.5,0.5386,0.5684,0.4754,0.525,0.5,0.5425,0.4821,0.4286,0.5,0.5684,0.3077,0.5,0.5,0.5,0.431,0.4949
67,0.5,0.4237,0.4211,0.5,0.5,0.5,0.413,0.5,0.5,0.5,0.5,0.5,0.5,0.5,0.5429,0.5,0.5,0.4219,0.5,0.5,0.6538,0.5,0.5556,0.5,0.5,0.5,0.5,0.5,0.5,0.5,0.5,0.5,0.5
68,0.5,0.6016,0.4433,0.5,0.5,0.6207,0.5443,0.5,0.5,0.359,0.5273,0.5,0.5,0.5227,0.5159,0.4444,0.5,0.5,0.4848,0.5,0.6154,0.5,0.5281,0.5,0.5,0.5,0.5,0.5,0.5,0.5,0.5,0.5,0.3
69,0.5,0.5747,0.4697,0.5,0.5,0.3846,0.4366,0.5,0.5,0.4545,0.537,0.5,0.5,0.4167,0.4717,0.5667,0.5,0.6032,0.5,0.5,0.4222,0.5,0.5974,0.5,0.5,0.5,0.3846,0.5,0.5,0.5,0.5,0.5,0.5
72,0.5,0.5,0.5,0.5,0.5,0.5,0.5,0.5,0.5,0.5,0.5,0.5,0.5,0.5,0.5,0.5,0.5,0.5,0.5,0.5,0.5,0.5,0.5,0.5,0.5,0.5,0.5,0.5,0.5,0.5,0.5,0.5,0.5
74,0.5,0.4483,0.5,0.5,0.5,0.5,0.4688,0.5,0.5,0.5,0.5,0.5,0.5,0.5,0.4103,0.5,0.5,0.4571,0.5,0.5,0.5,0.5,0.5,0.5,0.5,0.5,0.5,0.5,0.5,0.5,0.5,0.5,0.5
75,0.5,0.5,0.5,0.5,0.5,0.5,0.5,0.5,0.5,0.5,0.5,0.5,0.5,0.5,0.5,0.5,0.5,0.5,0.5,0.5,0.5,0.5,0.5,0.5,0.5,0.5,0.5,0.5,0.5,0.5,0.5,0.5,0.5
76,0.5,0.5195,0.5226,0.5,0.4688,0.3864,0.463,0.4688,0.56,0.3684,0.4709,0.5,0.5,0.4733,0.4614,0.5,0.5,0.5,0.5161,0.5263,0.5424,0.5,0.471,0.5,0.4375,0.5,0.3647,0.5,0.5,0.5,0.5,0.5075,0.4783
77,0.5,0.5,0.5,0.5,0.5,0.5,0.5,0.5,0.5,0.5,0.5,0.5,0.5,0.5,0.5,0.5,0.5,0.5,0.5,0.5,0.5,0.5,0.5,0.5,0.5,0.5,0.5,0.5,0.5,0.5,0.5,0.5,0.5
78,0.5,0.4103,0.6029,0.5,0.5,0.4706,0.5797,0.5,0.5,0.5,0.5556,0.5,0.5,0.6667,0.3725,0.5,0.5,0.48,0.5,0.5,0.5682,0.5,0.5556,0.5,0.5,0.5,0.4524,0.5,0.5,0.5,0.5,0.5,0.5
79,0.5,0.4608,0.4757,0.5,0.5,0.5,0.566,0.5,0.5,0.3846,0.5778,0.5,0.5,0.55,0.4904,0.5,0.5,0.6136,0.5,0.5,0.6087,0.5,0.6,0.5,0.5,0.5,0.575,0.5,0.5,0.5,0.5,0.5,0.5862
80,0.5,0.4728,0.4921,0.5,0.4412,0.4103,0.5143,0.4,0.5,0.3582,0.649,0.3548,0.5,0.4758,0.5013,0.4857,0.5,0.4583,0.4118,0.5814,0.4889,0.5,0.4904,0.4615,0.4242,0.5,0.5119,0.5,0.5,0.5,0.5,0.5714,0.4444
81,0.5,0.518,0.5142,0.5263,0.6102,0.551,0.4908,0.4863,0.5854,0.4198,0.4866,0.4783,0.4865,0.5258,0.4966,0.4673,0.5,0.5488,0.5403,0.4545,0.5269,0.5714,0.5455,0.4231,0.5763,0.5208,0.5072,0.5,0.5,0.5,0.5714,0.5323,0.4947
82,0.5,0.5222,0.6737,0.5,0.5,0.5217,0.5556,0.5,0.5,0.4375,0.5472,0.5,0.5,0.5,0.5507,0.5,0.5,0.6333,0.5769,0.5,0.6154,0.5,0.5,0.5,0.5,0.5,0.5208,0.5,0.5,0.5,0.5,0.5,0.5161
83,0.5,0.5,0.5,0.5,0.5,0.5,0.5,0.5,0.5,0.5,0.5,0.5,0.5,0.5,0.5,0.5,0.5,0.5,0.5,0.5,0.5,0.5,0.5,0.5,0.5,0.5,0.5,0.5,0.5,0.5,0.5,0.5,0.5
84,0.5,0.5391,0.5385,0.5,0.5,0.5918,0.4795,0.5161,0.5,0.4444,0.6139,0.5,0.5,0.5062,0.5526,0.5195,0.5,0.528,0.5333,0.5278,0.4643,0.5,0.4896,0.5,0.4615,0.5,0.6444,0.5,0.5,0.5,0.5,0.525,0.5
85,0.5,0.381,0.5714,0.5,0.5,0.5,0.4286,0.5,0.5,0.5,0.5,0.5,0.5,0.5455,0.56,0.7143,0.5,0.4521,0.5,0.5,0.5,0.5,0.6857,0.5,0.5,0.5,0.5,0.5,0.5,0.5,0.5,0.5,0.5
86,0.5,0.589,0.411,0.5,0.5,0.4138,0.619,0.5,0.5,0.5185,0.5577,0.5,0.5,0.5,0.4495,0.5,0.5,0.52,0.5938,0.5,0.6216,0.5,0.4444,0.5,0.5,0.5,0.5625,0.5,0.5,0.5,0.5,0.5,0.5
89,0.5,0.5155,0.4815,0.5,0.5926,0.4808,0.5666,0.4,0.5,0.5854,0.5556,0.4,0.5,0.456,0.4642,0.5694,0.5,0.5583,0.4516,0.4286,0.4833,0.5,0.512,0.5,0.4074,0.5,0.4767,0.5,0.5,0.5,0.5,0.3235,0.3846
90,0.5,0.5,0.5,0.5,0.5,0.5,0.5,0.5,0.5,0.5,0.5,0.5,0.5,0.5,0.5,0.5,0.5,0.5,0.5,0.5,0.5,0.5,0.5,0.5,0.5,0.5,0.5,0.5,0.5,0.5,0.5,0.5,0.5
91,0.5,0.4639,0.4384,0.5,0.5,0.3438,0.5726,0.2857,0.5,0.5,0.6333,0.5,0.5,0.54,0.4912,0.561,0.5,0.4835,0.5312,0.5,0.4,0.5,0.4429,0.5,0.5,0.5,0.4043,0.5,0.5,0.5,0.5,0.5,0.4
92,0.5,0.5,0.5,0.5,0.5,0.5,0.5,0.5,0.5,0.5,0.5,0.5,0.5,0.5,0.5,0.5,0.5,0.5,0.5,0.5,0.5,0.5,0.5,0.5,0.5,0.5,0.5,0.5,0.5,0.5,0.5,0.5,0.5
96,0.5,0.5,0.5,0.5,0.5,0.5,0.5,0.5,0.5,0.5,0.5,0.5,0.5,0.5,0.5,0.5,0.5,0.5,0.5,0.5,0.5,0.5,0.5,0.5,0.5,0.5,0.5,0.5,0.5,0.5,0.5,0.5,0.5
98,0.5,0.5833,0.5079,0.5,0.5,0.5938,0.5714,0.52,0.5,0.5,0.5882,0.5,0.5,0.52,0.5625,0.6512,0.5,0.4176,0.5,0.5,0.4643,0.5,0.5745,0.5,0.5,0.5,0.7333,0.5,0.5,0.5,0.5,0.5,0.5
99,0.5,0.5,0.5,0.5,0.5,0.5,0.4545,0.5,0.5,0.5,0.5,0.5,0.5,0.5,0.6216,0.5,0.5,0.5,0.5,0.5,0.5,0.5,0.5,0.5,0.5,0.5,0.5,0.5,0.5,0.5,0.5,0.5,0.5
101,0.5,0.5,0.5,0.5,0.5,0.5,0.5,0.5,0.5,0.5,0.5,0.5,0.5,0.5,0.5,0.5,0.5,0.5,0.5,0.5,0.5,0.5,0.5,0.5,0.5,0.5,0.5,0.5,0.5,0.5,0.5,0.5,0.5
102,0.5,0.4118,0.5,0.5,0.5,0.5,0.5,0.5,0.5,0.5,0.4138,0.5,0.5,0.5,0.5,0.5,0.5,0.5,0.5,0.5,0.5,0.5,0.5,0.5,0.5,0.5,0.5,0.5,0.5,0.5,0.5,0.5,0.5
103,0.5,0.5128,0.4062,0.5,0.5,0.5,0.6098,0.5,0.5,0.5,0.5,0.5,0.5,0.5,0.4769,0.5,0.5,0.5676,0.5,0.5,0.5,0.5,0.4848,0.5,0.5,0.5,0.5,0.5,0.5,0.5,0.5,0.5,0.5
104,0.5,0.4755,0.4702,0.4483,0.5862,0.434,0.5,0.4271,0.5,0.6111,0.4326,0.4583,0.5,0.4853,0.4709,0.5463,0.5,0.537,0.5,0.431,0.5102,0.5,0.4859,0.5,0.3939,0.5,0.4321,0.5,0.5,0.5,0.5,0.5714,0.381
105,0.5,0.4524,0.4561,0.5,0.5,0.5,0.4286,0.5,0.5,0.5,0.4286,0.5,0.5,0.375,0.5478,0.3333,0.5,0.3662,0.5,0.5,0.5,0.5,0.5088,0.5,0.5,0.5,0.4483,0.5,0.5,0.5,0.5,0.5,0.5
106,0.5,0.5,0.3191,0.5,0.5,0.4615,0.4167,0.5,0.5,0.5,0.6154,0.5,0.5,0.4194,0.4783,0.5814,0.5,0.5385,0.5,0.5,0.5,0.5,0.619,0.5,0.5,0.5,0.5,0.5,0.5,0.5,0.5,0.5,0.5
107,0.5,0.383,0.4516,0.5,0.5,0.5,0.5111,0.4483,0.5,0.5,0.5128,0.5,0.5,0.5,0.4384,0.6364,0.5,0.4915,0.5,0.5,0.5,0.5,0.5227,0.5,0.5,0.5,0.5,0.5,0.5,0.5,0.5,0.5,0.5
110,0.5,0.4253,0.4965,0.5,0.5,0.4531,0.5867,0.5,0.5,0.4808,0.5484,0.5,0.5,0.56,0.5252,0.5,0.5,0.4302,0.5526,0.5,0.49,0.5,0.5714,0.5,0.5,0.5,0.4068,0.5,0.5,0.5,0.5,0.5,0.5185
111,0.5,0.5166,0.495,0.5,0.4062,0.5,0.5254,0.5455,0.5,0.5161,0.5842,0.5,0.5,0.5181,0.4876,0.4808,0.5,0.5657,0.6078,0.4848,0.4623,0.5,0.5723,0.4043,0.2692,0.52,0.5854,0.5,0.5,0.5,0.5,0.6538,0.5686
112,0.5,0.5714,0.5,0.5,0.5,0.5,0.5,0.5,0.5,0.5,0.5,0.5,0.5,0.5,0.5714,0.5,0.5,0.5,0.5,0.5,0.5,0.5,0.5,0.5,0.5,0.5,0.5,0.5,0.5,0.5,0.5,0.5,0.5
113,0.5,0.6389,0.5532,0.5,0.5,0.5,0.5,0.5,0.5,0.5,0.5,0.5,0.5,0.5,0.5179,0.5,0.5,0.5,0.5,0.5,0.5,0.5,0.4828,0.5,0.5,0.5,0.5,0.5,0.5,0.5,0.5,0.5,0.5
114,0.5,0.443,0.3836,0.5,0.5,0.4878,0.5048,0.4524,0.5,0.5,0.5,0.5,0.5,0.4643,0.4395,0.4714,0.5,0.5463,0.44,0.5,0.4848,0.5,0.6125,0.5,0.5,0.5,0.449,0.5,0.5,0.5,0.5,0.5,0.5
115,0.5,0.5,0.5,0.5,0.5,0.5,0.5,0.5,0.5,0.5,0.5,0.5,0.5,0.5,0.5806,0.5,0.5,0.5,0.5,0.5,0.5,0.5,0.5,0.5,0.5,0.5,0.5,0.5,0.5,0.5,0.5,0.5,0.5
117,0.5,0.4068,0.5,0.5,0.44,0.619,0.4589,0.4308,0.5,0.5714,0.5745,0.5,0.5,0.5263,0.4082,0.464,0.5,0.5,0.5357,0.5641,0.4062,0.5,0.4722,0.5,0.4,0.5,0.4524,0.5,0.5,0.5,0.5,0.5667,0.4615
119,0.5,0.5,0.5143,0.5,0.5,0.5,0.413,0.5,0.5,0.5,0.4815,0.5,0.5,0.5,0.4219,0.5,0.5,0.5,0.5,0.5,0.5,0.5,0.5,0.5,0.5,0.5,0.5,0.5,0.5,0.5,0.5,0.5,0.5
120,0.5,0.5085,0.4634,0.5,0.5,0.5,0.5729,0.5,0.5,0.5,0.5217,0.5,0.5,0.5152,0.5,0.4207,0.5,0.5312,0.5,0.5,0.5,0.5,0.6774,0.5,0.5,0.5,0.5,0.5,0.5,0.5,0.5,0.5,0.5
121,0.5,0.4444,0.5,0.5,0.5,0.5,0.5,0.5,0.5,0.5,0.5,0.5,0.5,0.5,0.44,0.5,0.5,0.5,0.5,0.5,0.5,0.5,0.5,0.5,0.5,0.5,0.5,0.5,0.5,0.5,0.5,0.5,0.5
122,0.5,0.5,0.5,0.5,0.5,0.5926,0.3684,0.5,0.5,0.5,0.5455,0.5,0.5,0.5676,0.4632,0.5,0.5,0.4423,0.5,0.5,0.5,0.5,0.6842,0.5,0.5,0.5,0.625,0.5,0.5,0.5,0.5,0.5,0.5
126,0.5,0.4844,0.5,0.5,0.5,0.4894,0.5268,0.4583,0.5,0.5,0.5476,0.5,0.5,0.5,0.5305,0.5867,0.5,0.549,0.52,0.5455,0.5789,0.5,0.5,0.5,0.5,0.5,0.6053,0.5,0.5,0.5,0.5,0.5172,0.5
127,0.5,0.5,0.5,0.5,0.5,0.5,0.5,0.5,0.5,0.5,0.5,0.5,0.5,0.5,0.537,0.5,0.5,0.5667,0.5,0.5,0.5,0.5,0.5,0.5,0.5,0.5,0.5,0.5,0.5,0.5,0.5,0.5,0.5
131,0.5,0.4038,0.4898,0.5,0.5,0.5,0.5172,0.5,0.5,0.64,0.5,0.5,0.5,0.5,0.5422,0.5,0.5,0.5385,0.5,0.5,0.5312,0.5,0.525,0.5,0.5,0.5,0.5,0.5,0.5,0.5,0.5,0.5,0.5
133,0.5,0.5,0.5,0.5,0.5,0.5,0.4231,0.5,0.5,0.5,0.5,0.5,0.5,0.5,0.4,0.5,0.5,0.5278,0.5,0.5,0.5,0.5,0.5,0.5,0.5,0.5,0.5,0.5,0.5,0.5,0.5,0.5,0.5
134,0.5,0.4406,0.5114,0.5,0.5,0.5238,0.5435,0.5,0.5,0.425,0.5763,0.5,0.5,0.4154,0.5229,0.5238,0.5,0.4825,0.5,0.5,0.6087,0.5,0.4217,0.5,0.5,0.5,0.5,0.5,0.5,0.5,0.5,0.5,0.5
136,0.5,0.52,0.5,0.5,0.5,0.5,0.5,0.5,0.5,0.5,0.5,0.5,0.5,0.5,0.4815,0.5,0.5,0.5,0.5,0.5,0.5,0.5,0.5,0.5,0.5,0.5,0.5,0.5,0.5,0.5,0.5,0.5,0.5
141,0.5,0.5,0.5,0.5,0.5,0.5,0.5417,0.5,0.5,0.5,0.4681,0.5,0.5,0.5,0.5,0.4667,0.5,0.5,0.5,0.5,0.5,0.5,0.5,0.5,0.5,0.5,0.5,0.5,0.5,0.5,0.5,0.5,0.5
142,0.5,0.5,0.5247,0.5,0.5,0.4667,0.5101,0.5192,0.5,0.4366,0.5086,0.5,0.5,0.4563,0.4681,0.4432,0.5,0.5327,0.5882,0.5,0.4444,0.5,0.5823,0.5,0.5,0.5,0.5204,0.5,0.5,0.5,0.5,0.4194,0.3659
143,0.5,0.5,0.5,0.5,0.5,0.5,0.5,0.5,0.5,0.5,0.5,0.5,0.5,0.5,0.5,0.5,0.5,0.5,0.5,0.5,0.5,0.5,0.5,0.5,0.5,0.5,0.5,0.5,0.5,0.5,0.5,0.5,0.5
145,0.5,0.4806,0.6169,0.5,0.6111,0.5364,0.5205,0.5152,0.5,0.4839,0.6567,0.6,0.5,0.5833,0.4736,0.5385,0.5,0.4936,0.5538,0.6667,0.549,0.5,0.5659,0.4872,0.6571,0.4,0.6022,0.5,0.5,0.5,0.5,0.525,0.5778
147,0.5,0.5,0.5,0.5,0.5,0.5,0.725,0.5,0.5,0.5,0.5,0.5,0.5,0.5,0.4375,0.5714,0.5,0.4483,0.5,0.5,0.5,0.5,0.5,0.5,0.5,0.5,0.5,0.5,0.5,0.5,0.5,0.5,0.5
150,0.5,0.5,0.5,0.5,0.5,0.5,0.5,0.5,0.5,0.5,0.5,0.5,0.5,0.5,0.4138,0.5,0.5,0.5,0.5,0.5,0.5,0.5,0.5,0.5,0.5,0.5,0.5,0.5,0.5,0.5,0.5,0.5,0.5
154,0.5,0.4533,0.5636,0.5,0.5,0.4138,0.619,0.5,0.5,0.5,0.6842,0.5,0.5,0.5,0.5051,0.5,0.5,0.5217,0.5,0.5,0.3824,0.5,0.54,0.5,0.5,0.5,0.6774,0.5,0.5,0.5,0.5,0.5,0.5
157,0.5,0.5319,0.5412,0.5,0.5,0.5641,0.5385,0.4286,0.5,0.4839,0.5323,0.5,0.5,0.5185,0.5159,0.4483,0.5,0.5067,0.5,0.5,0.619,0.5,0.5465,0.5,0.5,0.5,0.4,0.5,0.5,0.5,0.5,0.5,0.5
161,0.5,0.5,0.5,0.5,0.5,0.5,0.5,0.5,0.5,0.5,0.5,0.5,0.5,0.5,0.4138,0.5,0.5,0.5,0.5,0.5,0.5,0.5,0.5,0.5,0.5,0.5,0.5,0.5,0.5,0.5,0.5,0.5,0.5
163,0.5,0.4834,0.5333,0.5,0.5,0.425,0.5679,0.5,0.5,0.2703,0.4865,0.5,0.5,0.4,0.4316,0.5,0.5,0.6353,0.4839,0.5,0.451,0.5,0.4752,0.5,0.5,0.5,0.5,0.5,0.5,0.5,0.5,0.5,0.3226
164,0.5,0.483,0.5108,0.2647,0.4231,0.5357,0.5343,0.5465,0.5333,0.5122,0.551,0.5455,0.5,0.4971,0.5075,0.4397,0.5,0.4909,0.5294,0.4857,0.4937,0.5,0.5238,0.5,0.4444,0.5,0.5789,0.5,0.5,0.5,0.5,0.4615,0.4286
201,0.5,0.5286,0.5079,0.5,0.5,0.5769,0.4524,0.5,0.5,0.5,0.4524,0.5,0.5,0.4839,0.587,0.5,0.5,0.4615,0.5,0.5,0.3333,0.5,0.4151,0.5,0.5,0.5,0.6765,0.5,0.5,0.5,0.5,0.5,0.5
202,0.5,0.4628,0.5286,0.5,0.5385,0.4912,0.4727,0.438,0.5517,0.4,0.4891,0.3529,0.5,0.455,0.4815,0.5,0.5,0.5302,0.4848,0.4872,0.4667,0.5,0.6016,0.5,0.5,0.5,0.5079,0.5,0.5,0.5,0.5,0.5306,0.4286
203,0.5,0.5405,0.4805,0.5,0.5,0.45,0.5147,0.4848,0.5,0.5,0.5325,0.5,0.5,0.5,0.5145,0.4179,0.5,0.5267,0.5,0.5,0.4565,0.5,0.4217,0.5,0.5,0.5,0.6,0.5,0.5,0.5,0.5,0.5357,0.5
222,0.5,0.4118,0.76,0.5,0.5,0.5,0.5,0.5,0.5,0.5,0.5714,0.5,0.5,0.5,0.3881,0.5,0.5,0.5806,0.5,0.5,0.5,0.5,0.6,0.5,0.5,0.5,0.5,0.5,0.5,0.5,0.5,0.5,0.5
223,0.5,0.4565,0.3902,0.5,0.5,0.6,0.5873,0.5,0.5,0.4167,0.5909,0.5,0.5,0.5,0.5161,0.4074,0.5,0.5469,0.5,0.5,0.6047,0.5,0.5128,0.5,0.5,0.5,0.4483,0.5,0.5,0.5,0.5,0.5,0.28
235,0.5,0.4615,0.5721,0.5185,0.2564,0.451,0.5526,0.5538,0.5,0.4691,0.5231,0.5,0.5,0.5161,0.4396,0.5354,0.5,0.5259,0.5185,0.6739,0.5761,0.5,0.5714,0.475,0.4,0.5,0.5905,0.5,0.5,0.5,0.5,0.4773,0.5574
236,0.5,0.5219,0.5285,0.6897,0.5405,0.4643,0.5546,0.4825,0.5,0.5106,0.5212,0.5556,0.5,0.5205,0.4888,0.4839,0.5,0.5779,0.6418,0.54,0.4667,0.5,0.5598,0.5714,0.5385,0.5556,0.6748,0.5,0.5,0.5,0.72,0.5714,0.4769
238,0.5,0.481,0.5902,0.5,0.5,0.5,0.4925,0.6071,0.5,0.5,0.4194,0.5,0.5,0.5,0.5556,0.5,0.5,0.5246,0.5,0.5,0.5,0.5,0.3784,0.5,0.5,0.5,0.5,0.5,0.5,0.5,0.5,0.5,0.5
240,0.5,0.6364,0.6341,0.5,0.5,0.5,0.5,0.5,0.5,0.5,0.5,0.5,0.5,0.5,0.5373,0.5,0.5,0.5333,0.5,0.5,0.5,0.5,0.5882,0.5,0.5,0.5,0.5,0.5,0.5,0.5,0.5,0.5,0.5
245,0.5,0.5,0.5655,0.7,0.5676,0.5392,0.5245,0.4915,0.5,0.5,0.5576,0.5,0.5556,0.4595,0.4754,0.52,0.5,0.4805,0.4559,0.4667,0.3619,0.5,0.5175,0.3611,0.4,0.5882,0.5166,0.5,0.5,0.5,0.5,0.6,0.5467
246,0.5,0.4701,0.4874,0.5,0.5714,0.5319,0.4419,0.4118,0.5,0.4545,0.5541,0.5,0.5,0.4462,0.5265,0.4769,0.5,0.4701,0.6571,0.4545,0.4211,0.5,0.4848,0.5,0.5,0.5,0.4754,0.5,0.5,0.5,0.5,0.4138,0.475
254,0.5,0.5,0.5,0.5,0.5,0.5,0.5,0.5,0.5,0.5,0.5,0.5,0.5,0.5,0.5,0.5,0.5,0.5,0.5,0.5,0.5,0.5,0.5,0.5,0.5,0.5,0.5,0.5,0.5,0.5,0.5,0.5,0.5
266,0.5,0.574,0.55,0.5,0.3793,0.473,0.5392,0.7059,0.5,0.493,0.6711,0.5,0.5,0.56,0.534,0.5,0.5,0.4954,0.4146,0.5,0.5455,0.5,0.5423,0.5,0.5,0.5,0.6463,0.5,0.5,0.5,0.5,0.5667,0.5641
267,0.5,0.5312,0.4231,0.5,0.5,0.5,0.5,0.5,0.5,0.5,0.5,0.5,0.5,0.5,0.4545,0.5,0.5,0.5,0.5,0.5,0.5,0.5,0.5,0.5,0.5,0.5,0.5,0.5,0.5,0.5,0.5,0.5,0.5
268,0.5,0.4545,0.5588,0.5,0.5,0.5,0.5,0.5,0.5,0.5,0.5,0.5,0.5,0.5,0.5526,0.5,0.5,0.5,0.5,0.5,0.5,0.5,0.5,0.5,0.5,0.5,0.5,0.5,0.5,0.5,0.5,0.5,0.5
350,0.5,0.4537,0.5784,0.5,0.5357,0.5208,0.5059,0.5,0.5,0.4474,0.623,0.5,0.5,0.6098,0.5787,0.5172,0.5,0.5974,0.5769,0.5,0.6545,0.5,0.602,0.5,0.5,0.5,0.3929,0.5,0.5,0.5,0.5,0.5,0.4857
360,0.5,0.3265,0.5,0.5,0.5,0.5,0.5052,0.4091,0.5,0.5,0.5862,0.5,0.5,0.6286,0.5,0.3636,0.5,0.4722,0.5,0.5,0.5,0.5,0.52,0.5,0.5,0.5,0.5,0.5,0.5,0.5,0.5,0.5,0.5
412,0.5,0.486,0.5211,0.5,0.5758,0.4242,0.4682,0.6494,0.5,0.5176,0.5179,0.5,0.5,0.4703,0.4538,0.4605,0.5,0.4507,0.5857,0.5102,0.4861,0.5,0.4825,0.375,0.5,0.2857,0.5436,0.5,0.5,0.5,0.5,0.3696,0.4659
420,0.5,0.5,0.5,0.5,0.5,0.5,0.5,0.5,0.5,0.5,0.5,0.5,0.5,0.5,0.5,0.5,0.5,0.5,0.5,0.5,0.5,0.5,0.5,0.5,0.5,0.5,0.5,0.5,0.5,0.5,0.5,0.5,0.5
421,0.5,0.4825,0.5128,0.5,0.3438,0.4,0.5141,0.3226,0.5,0.5915,0.53,0.5,0.5,0.5783,0.4575,0.641,0.5,0.529,0.48,0.5,0.46,0.5,0.5,0.5172,0.5,0.5,0.5248,0.5,0.5,0.5,0.5,0.5,0.46
427,0.5,0.5,0.5,0.5,0.5,0.5,0.5,0.5,0.5,0.5,0.5,0.5,0.5,0.5,0.6176,0.5,0.5,0.44,0.5,0.5,0.5,0.5,0.5,0.5,0.5,0.5,0.5,0.5,0.5,0.5,0.5,0.5,0.5
429,0.5,0.488,0.5241,0.5,0.5,0.5,0.5038,0.6154,0.5,0.4545,0.4605,0.5,0.5,0.5833,0.4733,0.4688,0.5,0.5164,0.5455,0.5,0.2787,0.5,0.5039,0.5625,0.5,0.5,0.5694,0.5,0.5,0.5,0.5,0.5,0.6341
432,0.5,0.4688,0.5534,0.5,0.5,0.5224,0.53,0.3947,0.5,0.5063,0.5036,0.3333,0.5,0.4896,0.4458,0.4045,0.5,0.5487,0.5238,0.4571,0.4615,0.5,0.4869,0.3846,0.3704,0.5714,0.5161,0.5,0.5,0.5,0.5,0.4412,0.4894
497,0.5,0.4382,0.3472,0.5,0.5,0.6786,0.6032,0.6129,0.5,0.5,0.5116,0.5,0.5,0.3818,0.4551,0.4819,0.5,0.5175,0.4231,0.5,0.5,0.5,0.4559,0.5,0.5,0.5,0.5676,0.5,0.5,0.5,0.5,0.3571,0.5
498,0.5,0.475,0.6154,0.5,0.5,0.5,0.5,0.5,0.5,0.5,0.4667,0.5,0.5,0.5,0.5179,0.5,0.5,0.6364,0.5,0.5,0.5,0.5,0.4643,0.5,0.5,0.5,0.5,0.5,0.5,0.5,0.5,0.5,0.5
516,0.5,0.5122,0.576,0.5,0.4231,0.4694,0.5402,0.5,0.5,0.5952,0.6613,0.5,0.5,0.4444,0.5167,0.5714,0.5,0.5351,0.3438,0.5,0.4634,0.5,0.4712,0.5,0.5,0.5,0.5306,0.5,0.5,0.5,0.5,0.5,0.4444
517,0.5,0.4945,0.5322,0.6,0.5094,0.5043,0.5262,0.4661,0.6098,0.4615,0.5829,0.4318,0.4231,0.5657,0.5257,0.5086,0.4444,0.5842,0.5658,0.5455,0.5189,0.5,0.6194,0.3846,0.5897,0.7037,0.6591,0.5,0.5,0.5,0.5,0.5,0.5269
518,0.5,0.4839,0.4138,0.5,0.5,0.5,0.5,0.5,0.5,0.5,0.5,0.5,0.5,0.5,0.4773,0.5,0.5,0.5,0.5,0.5,0.5,0.5,0.5,0.5,0.5,0.5,0.5,0.5,0.5,0.5,0.5,0.5,0.5
523,0.5,0.4786,0.4871,0.5,0.4615,0.4851,0.5652,0.35,0.5769,0.4688,0.538,0.5625,0.5,0.4815,0.4762,0.5161,0.5,0.5064,0.5789,0.3902,0.4712,0.5,0.5381,0.4118,0.4857,0.4483,0.5217,0.5,0.5,0.5,0.5,0.3235,0.4783
555,0.5,0.5248,0.5899,0.5,0.5,0.6042,0.4015,0.4565,0.5,0.4348,0.5915,0.5,0.5,0.4898,0.5042,0.5957,0.5,0.6029,0.5385,0.4828,0.5593,0.5,0.5146,0.5,0.5,0.5,0.4921,0.5,0.5,0.5,0.5,0.5,0.5
777,0.5,0.5161,0.5,0.5,0.5,0.5,0.5888,0.625,0.5,0.5,0.5,0.5,0.5,0.5227,0.4375,0.4333,0.5,0.6,0.5,0.5,0.5,0.5,0.5,0.5,0.5,0.5,0.5,0.5,0.5,0.5,0.5,0.5,0.5
875,0.5,0.5474,0.5395,0.5135,0.5385,0.4776,0.4965,0.4655,0.3333,0.4324,0.5217,0.4737,0.5,0.5116,0.5215,0.5858,0.5,0.4643,0.5135,0.5814,0.5,0.5,0.5057,0.4706,0.5,0.4615,0.5,0.4848,0.5,0.5,0.5,0.5769,0.45
876,0.5,0.48,0.4035,0.5,0.5,0.5,0.4537,0.5793,0.5,0.5,0.4946,0.5333,0.5,0.5821,0.4381,0.5,0.5,0.5,0.5,0.6923,0.5,0.5,0.359,0.5,0.5,0.5,0.5,0.5,0.5,0.5,0.5,0.4091,0.5
